                                   ESTABLECIMIENTOS DE SALUD DE 1ER NIVEL SANTA CRUZ,,,
,,,
DEPARTAMENTO,MUNICIPIO,ESTABLECIMIENTO,DIRECCIÓN
SANTA CRUZ,ASCENCION DE GUARAYOS,CERRO GRANDE,CARRETERA SANTACRUZ - TRINIDAD
SANTA CRUZ,ASCENCION DE GUARAYOS,GUARAYOS,CALLE HNA BERTOLDA S/N
,,,
SANTA CRUZ,ASCENCION DE GUARAYOS,MUNICIPAL SANTA ROSA,BARRIO SANTA ROSA FRENTE A CASA DE LA TERCERA EDAD
SANTA CRUZ,ASCENCION DE GUARAYOS,NUEVA JERUSALEN,NUEVA JERUSALEN 2DA CALLE A LADO DERECHO
SANTA CRUZ,ASCENCION DE GUARAYOS,SAN ANDREZ,COMUNIDAD DE SAN ANDRES
,,,CARRETERA SANTA CRUZ-BENI COMUNIDAD SAN ANTONIO
SANTA CRUZ,ASCENCION DE GUARAYOS,SAN ANTONIO EL JUNTE,MANZANO 8
SANTA CRUZ,ASCENCION DE GUARAYOS,SAN PABLO,SAN PABLO
SANTA CRUZ,ASCENCION DE GUARAYOS,SANTA MARIA,C/SANTA MARIA CARRETERA TRINIDAD
SANTA CRUZ,BOYUIBE,CHOROQUETAL,sobre la carretera boyuibe-paraguay
SANTA CRUZ,BOYUIBE,FRAY LEON BIAGGINI,calle fray leon biaggini final 24 de septiembre
SANTA CRUZ,BOYUIBE,LAGUNA CAMATINDI,laguna camatindi
,,,calle camilo cabrera entre heroes del chaco y 24 de
SANTA CRUZ,BOYUIBE,PRIMERO DE MAYO,septiembre
SANTA CRUZ,BOYUIBE,VIRGEN DE FATIMA-RBOY,Pueblo Benimerito calle daniel salamanca final este
SANTA CRUZ,BUENA VISTA,ARBOLEDA,ARBOLEDA CARRETERA PRINCIPAL SANTA CRUZ
SANTA CRUZ,BUENA VISTA,CARANDA,CARANDA BUENA VISTA ICHILO SANTA CRUZ
SANTA CRUZ,BUENA VISTA,EL CARMEN,EL CARMEN  SURUTU
SANTA CRUZ,BUENA VISTA,ESPEJITOS,ESPEJITOS MUNICIPIO DE BUENA VISTA
SANTA CRUZ,BUENA VISTA,HUAYTU,HUAYTU
SANTA CRUZ,BUENA VISTA,PALACIO,Palacios
SANTA CRUZ,BUENA VISTA,ROQUE AGUILERA,BARRIO CELSO SANDOVAL (AV. JUAN SULIBAN)
SANTA CRUZ,BUENA VISTA,SAN ISIDRO,San Isidro
SANTA CRUZ,BUENA VISTA,SAN MIGUEL,SAN MIGUEL CARRETERA A CARANDA
SANTA CRUZ,BUENA VISTA,VILLA DIEGO,VILLA DIEGO-BUENA VISTA-ICHILO-SANTA CRUZ
SANTA CRUZ,CABEZAS,ABAPO,Abapo Este
SANTA CRUZ,CABEZAS,BRECHA 7,al norte de la comunidad  san lorenzo brecha 7
DEPARTAMENTO,MUNICIPIO,ESTABLECIMIENTO,DIRECCIÓN
SANTA CRUZ,CABEZAS,CABEZAS,Av. jose Graciales frente ala plaza principal
SANTA CRUZ,CABEZAS,FLORIDA,en el centro de la comunidad florida
SANTA CRUZ,CABEZAS,MORA,Carretera Camiri km 86 Barrio Virginia
SANTA CRUZ,CABEZAS,PAMPA EL COSTAL,PAMPA DEL COSCAL
SANTA CRUZ,CABEZAS,RIO SECO,Rio Seco /Barrio Ferroviario
SANTA CRUZ,CABEZAS,SAN JUAN DE CAMARGO,SAN JUAN DE CAMARGO FRENTE A LA IGLESIA
SANTA CRUZ,CABEZAS,ZANJA HONDA,Carretera camiri Km 66
SANTA CRUZ,CAMIRI,CHORETI,Comunidad Chorety
SANTA CRUZ,CAMIRI,GUASUIGUA,Comunidad de Guasuigua
SANTA CRUZ,CAMIRI,GUIRARAPO,Comunidad Guirarapo
SANTA CRUZ,CAMIRI,ITANAMBICUA,Comunidad Itanambikua
SANTA CRUZ,CAMIRI,LA WILLIAN,Av. Carlos Daher Harp (Bo Villa El Carmen)
SANTA CRUZ,CAMIRI,PENA BLANCA,Calle Tatarenda y Calle Boyuibe
SANTA CRUZ,CAMIRI,PIPI,Comunidad Pipi
SANTA CRUZ,CAMIRI,RODEO,RODEO
SANTA CRUZ,CAMIRI,SAN FRANCISCO,Calle Francisco Cesar Benedetti - Barrio Lindo
SANTA CRUZ,CAMIRI,SAN JOSE LA ABRA,Barrio San Jose Av. Ofman antunez y calle curupau
SANTA CRUZ,CAMIRI,SAN JOSE OBRERO,Barrio Iturralde
SANTA CRUZ,CAMIRI,URUNDAITY,URUNDAITY
SANTA CRUZ,CAMIRI,VIRGEN DE FATIMA,Calle German Busch casi Calle Manchego
,,,ZONA RINCON DEL TIGRE APROXIMADAMENTE 100KM DE
SANTA CRUZ,CARMEN RIVERO TORREZ,BOCAINA,EL CARMEN RT
SANTA CRUZ,CARMEN RIVERO TORREZ,CANDELARIA,CARRETERA BIOCEANICA A 50 KM. DEL CARMEN RT
SANTA CRUZ,CARMEN RIVERO TORREZ,NUESTRA SEÑORA DEL CARMEN,CALLE PARI BARRIO ROSENHAMER
SANTA CRUZ,CARMEN RIVERO TORREZ,RINCON DEL TIGRE,RINCÓN DEL TIGRE MISIÓN EVANGÉLICA
SANTA CRUZ,CARMEN RIVERO TORREZ,SANTA ANA,CARRETARA BIOCEANICA A 25KM DEL CARMEN RT
SANTA CRUZ,CHARAGUA,C.S.A. CHARAGUA,CALLE SANTA CRUZ
SANTA CRUZ,CHARAGUA,COPERE LOMA,COPERE LOMA
SANTA CRUZ,CHARAGUA,CUARIRENDA,CUARIRENDA
SANTA CRUZ,CHARAGUA,DR. ROBERTO UGARTE,ESTACION CHARAGUA
SANTA CRUZ,CHARAGUA,EL ESPINO,EL ESPINO
SANTA CRUZ,CHARAGUA,ISIPORENDA,ISIPORENDA
DEPARTAMENTO,MUNICIPIO,ESTABLECIMIENTO,DIRECCIÓN
SANTA CRUZ,CHARAGUA,ITATIQUI,ITATIQUI
SANTA CRUZ,CHARAGUA,ITAYU,ITAYU
SANTA CRUZ,CHARAGUA,JOSE IYAMBAE,JOSE IYAMBAE
SANTA CRUZ,CHARAGUA,KAPIGUAZUTI,KAPIGUAZUTI
SANTA CRUZ,CHARAGUA,MAMERTO EGUEZ SORUCO,CHARAGUA
SANTA CRUZ,CHARAGUA,MASAVI,MASAVI
SANTA CRUZ,CHARAGUA,P.S. AGUARATY,P.S. AGUARATY
SANTA CRUZ,CHARAGUA,RANCHO NUEVO,RANCHO NUEVO
SANTA CRUZ,CHARAGUA,SAN ANTONIO,SAN ANTONIO DEL PARAPETI
SANTA CRUZ,CHARAGUA,SAN LORENZO,SAN LORENZO
SANTA CRUZ,CHARAGUA,TAPUTA,TAPUTA
SANTA CRUZ,CHARAGUA,TARENDA,FRENTE DE LA IGLESIA
SANTA CRUZ,CHARAGUA,YAPIROA,YAPIROA
SANTA CRUZ,CHARAGUA,YOVI,IYOVI
SANTA CRUZ,COLPA BELGICA,EL CEDRO,comunidad el cedro
SANTA CRUZ,COLPA BELGICA,SAN SILVESTRE,Barrio Largo Colpa
SANTA CRUZ,COMARAPA,PULQUINA,CALLE SANTA CRUZ S/N
,,,COMUNIDAD PULQUINA ARRIBA FRENTE A DOMICILIO DE
SANTA CRUZ,COMARAPA,PULQUINA ARRIBA,SEMIDO CABELLO
SANTA CRUZ,COMARAPA,SAN ISIDRO,SAN ISIDRO (CARRETERA A JAGUE)
,,,
SANTA CRUZ,COMARAPA,SAN JUAN DEL POTRERO,"PLAZA PRINCIPAL, LOCALIDAD SAN JUAN DEL POTRERO"
SANTA CRUZ,COMARAPA,SAN MARTIN DE PORRES,AV. SAN MARTIN
SANTA CRUZ,COMARAPA,SAN MATEO,CARRETERA SAN MATEO
,,,
SANTA CRUZ,COMARAPA,SIBERIA,COMUNIDAD SIBERIA CAMINO ANTIGUO A COCHABAMBA
SANTA CRUZ,COMARAPA,TORRECILLAS,TORRECILLAS
SANTA CRUZ,CONCEPCION,CANDELARIA,candelaria
SANTA CRUZ,CONCEPCION,CESAR BANZER,CALLE SIRINGA ESQ. ÑUFLO DE CHAVEZ
SANTA CRUZ,CONCEPCION,DISTRITO 5 EL PALMAR,FRENTE A LA PLAZA PRINCIPAL DE LA COMUNIDAD
,,,COMUNIDAD EL CARMEN/ FRENTE AL COLEGIO HUGO
SANTA CRUZ,CONCEPCION,EL CARMEN,PROQUIO
DEPARTAMENTO,MUNICIPIO,ESTABLECIMIENTO,DIRECCIÓN
SANTA CRUZ,CONCEPCION,MAKANATE,ZONA MONTE VERDE
,,,
SANTA CRUZ,CONCEPCION,PALMARITO,FRENTE A LA PLAZA PRINCIPAL DIAGONAL DE LA CAPILLA
SANTA CRUZ,CONCEPCION,SAN PEDRO,A UNA CUADRA DE LA PLAZA PRINCIPAL CALLE S/N.
SANTA CRUZ,COTOCA,BISITO,COMUNIDAD EL BISITO
SANTA CRUZ,COTOCA,CAMPANERO,calle#4
,,CENTRO DE REHABILITACION Y,
,,HABILITACION BIOPSICOSOCIAL DE,
SANTA CRUZ,COTOCA,COTOCA,Sin registro
SANTA CRUZ,COTOCA,DON CHICHI,urbanizacion don chichi calle 16
SANTA CRUZ,COTOCA,DON LORENZO,Comunidad Don Lorenzo 15Km al Sur Este de Cotoca
SANTA CRUZ,COTOCA,ENCONADA,Urbanización Doña Irma S/N
,,,
SANTA CRUZ,COTOCA,LOS TAJIBOS - COTOCA,Se encuentra al Este 9.1/2 km  del municipio de Cotoca
,,,
SANTA CRUZ,COTOCA,MAPAIZO,COMUNIDAD MAPAIZO AL FRENTE DE LA SUBALCALDIA
SANTA CRUZ,COTOCA,PUERTO PAILAS,Puerto Pailas Avenida Principal- Zona Central
,,,comunidad Tarope av. a bisito delante del colegio 6 de
SANTA CRUZ,COTOCA,TAROPE,agosto
SANTA CRUZ,CUATRO CAÑADAS,4 CAÑADAS,Av. Bolivar Barrio San Antonio
SANTA CRUZ,CUATRO CAÑADAS,NUEVA ESPERANZA,B/NUEVA ESPERANZA
SANTA CRUZ,CUATRO CAÑADAS,SAN MIGUEL DE LA FLORIDA,Carretera Santa Cruz Trinidad a 72 Km de Santa Cruz
SANTA CRUZ,CUEVO,EL ARENAL,A 7 Km. de Cuevo al Norte
SANTA CRUZ,CUEVO,HUARACA,De  Cuevo a 83 Km. Asia Noreste
SANTA CRUZ,CUEVO,IVICUATI,Ruta 9 Camiri - Yacuiba a 45Km.
,,,RUTA 9 CARRETERA CAMIRI - YACUIBA   (25 KM. DE CAMIRI
SANTA CRUZ,CUEVO,SALINAS,AL SUR)
SANTA CRUZ,CUEVO,SAN JUAN BAUTISTA,C./ Pasaje Reyelo Entre C./ Comercio y Sucre
SANTA CRUZ,CUEVO,TARATAGALITO,Carretera a camiri 10km. de cuevo
SANTA CRUZ,EL PUENTE(STC),EL PUENTE,BARRIOS 24 DE SEPTIEMBRE
,,,COMUNIDAD 10 DE NOVIEMBRE NUCLEO 47 B/ LOS
SANTA CRUZ,EL PUENTE(STC),NUCLEO 47 - 10 NOV.,ANGELES
DEPARTAMENTO,MUNICIPIO,ESTABLECIMIENTO,DIRECCIÓN
SANTA CRUZ,EL PUENTE(STC),NUCLEO 50,NUCLEO 50
SANTA CRUZ,EL PUENTE(STC),NUCLEO 53,ZONA EL MERCADO
SANTA CRUZ,EL PUENTE(STC),SURUCUSI,ALADO DEL PARQUE INFANTIL DE SURUCUSI
SANTA CRUZ,EL PUENTE(STC),YOTAU,YOTAU B/SAN FRANCISCO
SANTA CRUZ,EL TORNO,ANGOSTURA,Carretera antigua a Cochabamba km 60
SANTA CRUZ,EL TORNO,CANADA II,DISTRITO III MUNICIPIO EL TORNO
SANTA CRUZ,EL TORNO,DERMATOLOGICO,KM 43 CARRETERA ANTIGUA COCHABAMBA
SANTA CRUZ,EL TORNO,EL SALAO,TARUMA KM 53 COMUNIDAD EL SALAO
SANTA CRUZ,EL TORNO,FORESTAL,EL TORNO - FORESTAL
SANTA CRUZ,EL TORNO,JOROCHITO,KM. 42 CARRETERA ANTIGUA COCHABAMBA
SANTA CRUZ,EL TORNO,JUNTA PIRAY,el torno distrito 6 comunidad junta pirai
SANTA CRUZ,EL TORNO,LA SAGRADA FAMILIA,COMUNIDAD NATIVIDAD
SANTA CRUZ,EL TORNO,LIMONCITO,Km 37 Carretera antigua a Cbba
SANTA CRUZ,EL TORNO,MONTE VERDE,EL TORNO COMUNIDAD MONTE VERDE
,,,
SANTA CRUZ,EL TORNO,NUEVA ESPERANZA,EL TORNO SANTA RITA - COMUNIDAD NUEVA ESPERANZA
SANTA CRUZ,EL TORNO,SAN LUIS,EL TORNO SAN LUIS KM. 55 CARRETERA ANT A CBBA
SANTA CRUZ,EL TORNO,SANTA MARTHA,KM 27 CARRETERA ANTIGUA COCHABAMBA
SANTA CRUZ,EL TORNO,SANTA RITA,EL TORNO SANTA RITA
SANTA CRUZ,EL TORNO,TARUMA,TARUMA KM 53 CARRETERA ANT. COCHABAMBA
SANTA CRUZ,EL TORNO,VILLA TUMAVI,el torno comunidad de villa tumavi
SANTA CRUZ,FERNANDEZ ALONSO,3 DE MAYO,B/ 12 DE OCTUBRE AVENIDA SAN PEDRO
SANTA CRUZ,FERNANDEZ ALONSO,AGUAHIS,CALLE LA ASUNTA
SANTA CRUZ,FERNANDEZ ALONSO,CHANE,"BARRIO VILLA BARRIENTOS  S/N, UV-3 M-5"
SANTA CRUZ,FERNANDEZ ALONSO,VIRGEN DE FATIMA,CALLE SANTA CRUZ / BARRIO FLORIDA
SANTA CRUZ,GENERAL SAAVEDRA,12 DE OCTUBRE,COMUNIDAD 12 DE OCTUBRE
SANTA CRUZ,GENERAL SAAVEDRA,ABELARDO SUAREZ,GENERAL SAAVEDRA C/ SANTIAGO COURNEEN S/N
,,,AL FRENTE DE PLAZA PRINCIPAL DE LA COMUNIDAD
SANTA CRUZ,GENERAL SAAVEDRA,AROMA,AROMA II
SANTA CRUZ,GENERAL SAAVEDRA,CHANE BEDOYA,COMUNIDAD CHANE BEDOYA
SANTA CRUZ,GENERAL SAAVEDRA,CRUZ SOLETO,CALLE SANTA CRUZ
SANTA CRUZ,GENERAL SAAVEDRA,PICO DE MONTE,LADO DEL TANQUE DE AGUA
DEPARTAMENTO,MUNICIPIO,ESTABLECIMIENTO,DIRECCIÓN
,,,LADO DE LA CANCHA DE FUTBOL CAMINO A PUENTE
SANTA CRUZ,GENERAL SAAVEDRA,POZA CAIMANES,CAIMANES
,,,
SANTA CRUZ,GENERAL SAAVEDRA,PUENTE CAIMANES,MUNICIPIO SAAVEDRA-COMUNIDAD PUENTE CAIMANES
SANTA CRUZ,GENERAL SAAVEDRA,SAN JUAN DE AMARILLOS,COMUNIDAD SAN JUAN DE AMARILLOS
SANTA CRUZ,GENERAL SAAVEDRA,SAN LORENZO,COMUNIDAD SAN LORENZO
SANTA CRUZ,GUTIERREZ,C.S. GRAN KAIPEPEMDI KARO VAICHO,PAJA COLRADA
SANTA CRUZ,GUTIERREZ,GUTIERREZ,a una cuadra de la carretera a camiri
SANTA CRUZ,GUTIERREZ,HEITI,HEITI S/N
SANTA CRUZ,GUTIERREZ,IPATIMIRI,COMUNIDAD IPATIMIRI
SANTA CRUZ,GUTIERREZ,IPITA,a una cuadra de la carretera a camiri
SANTA CRUZ,GUTIERREZ,IPITACITO,a 3 km de la carretera abapo-camiri
,,,a 32 km de la carretera camiri entrando por ipitacito del
SANTA CRUZ,GUTIERREZ,ITEMBEGUAZU,montes
SANTA CRUZ,GUTIERREZ,IVAMIRAPINTA,IVAMIRAPINTA
SANTA CRUZ,GUTIERREZ,KAPIRENDA,COMUNIDAD KAPIRENDA
SANTA CRUZ,GUTIERREZ,KASAPA,KASAPA S/N
,,,a 17 km de la carretera abapo /camiri frente a la escuela
SANTA CRUZ,GUTIERREZ,PALMARITO,palmarito
SANTA CRUZ,GUTIERREZ,SAN MIGUEL DE POSITOS,COMUNIDAD DE SAN MIGUEL DE  POCITOS
,,,a una cuadra de la carretera abapo camiri detra del colegio
SANTA CRUZ,GUTIERREZ,TATARENDA,tatarenda
SANTA CRUZ,LA GUARDIA,23 DE OCTUBRE,B./ 23 DE OCTUBRE KM 9
SANTA CRUZ,LA GUARDIA,BASILIO,CARRETERA CAMIRI KM 45
SANTA CRUZ,LA GUARDIA,EL CARMEN KM.9,av. santa cruz 226
SANTA CRUZ,LA GUARDIA,PEDRO LORENZO,CARRETERA A CAMIRI KM 24
SANTA CRUZ,LA GUARDIA,ROMULO GOMEZ,B./ 3 DE MAYO C./ NACION URQUIDI ESQ. PARI
SANTA CRUZ,LA GUARDIA,SAN JOSE,SAN JOSE KM 25 DOBLE VIA LA GUARDIA
SANTA CRUZ,LA GUARDIA,SAN MIGUEL DEL ROSARIO,SAN MIGUEL DEL ROSARIO
SANTA CRUZ,LA GUARDIA,SAN SILVESTRE,KM 15 B./ CUMBRE DE LAS AMERICAS
SANTA CRUZ,LA GUARDIA,SANTA TERESA,B./ NUEVA ESPERANZA KM 12
SANTA CRUZ,LA GUARDIA,VILLA ARRIEN,PEJI KM 28
DEPARTAMENTO,MUNICIPIO,ESTABLECIMIENTO,DIRECCIÓN
SANTA CRUZ,LAGUNILLAS,IGUASURENDA,Iguasurenda
SANTA CRUZ,LAGUNILLAS,IVIYECA,comunidad iviyeca
SANTA CRUZ,LAGUNILLAS,POTRERILLOS,comunidad Potrerillos
SANTA CRUZ,LAGUNILLAS,PUEBLO NUEVO,comunidad Pueblo Nuevo
SANTA CRUZ,LAGUNILLAS,SAN ISIDRO,Ipati
SANTA CRUZ,LAGUNILLAS,SAN LUIS (LAGUNILLAS),Calle Warnes S/N
SANTA CRUZ,MAIRANA,MAIRANA,CALLE ANTOFAGASTA S/N
SANTA CRUZ,MAIRANA,MENDIOLA,PLAZA MENDIOLA
SANTA CRUZ,MAIRANA,PIEDRA MESA,PIEDRA MESA
SANTA CRUZ,MAIRANA,YERBA BUENA,Urbanizacion Sejas S/N
SANTA CRUZ,MINEROS,ALIANZA,CARRETERA A CHANE CALLE BOLIVAR
SANTA CRUZ,MINEROS,LA PORFIA,FRENTE A LA PLAZA LADO DEL COLEGIO
SANTA CRUZ,MINEROS,LITORAL MAROTAS,AL LADO DEL TANQUE DE AGUA
SANTA CRUZ,MINEROS,MARIO DAZA CRONENBOLD,BARRIO ORIENTAL AVENIDA JOSE GRIBBS
SANTA CRUZ,MINEROS,PUEBLO NUEVO,FRENTE A LA PLAZA PRINCIPAL LADO NORTE
SANTA CRUZ,MINEROS,SAN LORENZO,AL LADO DEL COLEGIO
SANTA CRUZ,MONTERO,DIVINO NINNO,AVENIDA CANAVERAL BARRIO AGUAHI DISTRITO N°5
SANTA CRUZ,MONTERO,DR. VICTOR HUGO CASSAL BARBA,BARRIO 21 DE SEPTIEMBRE AVENIDA MANDIORENDA
SANTA CRUZ,MONTERO,ERNESTO CHE GUEVARA,CALLE MARAYAU ESQUINA GUAPURU
,,,BARRIO LA ANTENA CALLE LAS BARRERAS ENTRE 26 DE
SANTA CRUZ,MONTERO,LA SAGRADA FAMILIA,ENERO
,,,
SANTA CRUZ,MONTERO,NAICO,COMUNIDAD NAICO DISTRITO 6 MUNICIPIO MONTERO
,,,
SANTA CRUZ,MONTERO,NARANJAL DON BOSCO,COMUNIDAD NARANJAL DON BOSCO BARRIO PAICHANETU
,,,FRENTE A LA CANCHA DE FUTBOL EN LA COMUNIDAD VILLA
SANTA CRUZ,MONTERO,VILLA COPACABANA,COPACABANA
SANTA CRUZ,MORO MORO,LA LAJA,EDITH VEGA QUISPE
SANTA CRUZ,MORO MORO,SATIAGO DE MORO,CALLE 4 DE MAYO
SANTA CRUZ,OKINAWA,NUEVO HORIZONTE,NUEVO HORIZONTE
SANTA CRUZ,OKINAWA,R.P.M.G. OKINAWA,CALLE 15 DE AGOSTO - OKINAWA UNO
SANTA CRUZ,OKINAWA,SAN MIGUEL,SAN MIGUEL-OKINAWA UNO
DEPARTAMENTO,MUNICIPIO,ESTABLECIMIENTO,DIRECCIÓN
SANTA CRUZ,PAILON,25 DE MAYO,"a lado del colegio, sobre la plaza principal"
SANTA CRUZ,PAILON,CANHADA LARGA,DIAGONAL FERROVIARIA- DETRAS DEL COLEGIO
SANTA CRUZ,PAILON,CERRO,ALADO DEL COLEGIO
SANTA CRUZ,PAILON,PAILON,B. Residencial Norte - Mz 48
,,,"800 METROS DE LA CARRETERA BIOSEANICA, A UNA"
SANTA CRUZ,PAILON,POZO DEL TIGRE,CUADRA DE LA PLAZA
SANTA CRUZ,PAILON,ROSAL CENTRO,ALADO DEL COLEGIO PRINCIPAL
SANTA CRUZ,PAILON,TINTO,"FRENTE AL TRILLO, A LADO DE LA IGLESIA"
,,,"DE LA PLAZA 1 CUADRA Y MEDIA, DETRAS DEL MERCADO"
SANTA CRUZ,PAILON,TRES CRUCES,NUEVO
SANTA CRUZ,PAMPA GRANDE,LOS NEGROS,carretera antigua santa cruz-cochabamba km. 175
SANTA CRUZ,PAMPA GRANDE,MATARAL,CARRETERA ANTIGUA COCHABAMBA KM.193.
SANTA CRUZ,PAMPA GRANDE,PALMASOLA,PLAZA PRINCIPAL
SANTA CRUZ,PAMPA GRANDE,PAMPA GRANDE,PAMPAGRANDE
SANTA CRUZ,PAMPA GRANDE,SANTA ROSA DE LIMA,FRENTE A LA ESCUELA DE LA LOCALIDAD
SANTA CRUZ,PORONGO,LAS CRUCES,COMUNIDAD LAS CRUCES
SANTA CRUZ,PORONGO,LOS BATOS,COMUNIDAD LOS BATOS
SANTA CRUZ,PORONGO,LUQUILLAS,COMUNIDAD LUQUILLAS
SANTA CRUZ,PORONGO,NUEVAPALESTINA,COMUNIDAD NUEVA PALESTINA
,,,Calle 9 de Julio entre Calle 9 de Diciembre y Calle 6 de
SANTA CRUZ,PORONGO,SAN JUAN BAUTISTA,Agosto (Porongo)
SANTA CRUZ,PORONGO,SAN PEDRO,COMUNIDAD SAN PEDRO (PORONGO)
SANTA CRUZ,PORONGO,SANTA FE DE AMBORO,COMUNIDAD SANTA FE DE AMBORO
SANTA CRUZ,PORONGO,SOMBRERITO,COMUNIDAD SOMBRERITO
SANTA CRUZ,PORONGO,TARUMATU,"COMUNIDAD TARUMATU, FRENTE A LA IGLESIA"
SANTA CRUZ,PORONGO,TEREBINTO,COMUNIDAD TEREBINTO
SANTA CRUZ,PORTACHUELO,NICOLAS ORTIZ A.,Avenida Ovidio Barbery s/n
SANTA CRUZ,PORTACHUELO,SAN IGNACIO DEL SARA,san ignacio del sara b/ central
SANTA CRUZ,PORTACHUELO,SAN JOSE OBRERO,Avenida Rvdo. Padre Jose Maria Ruiz Diaz
SANTA CRUZ,PORTACHUELO,SAN JUAN DE PALOMETILLAS,carretera santa cruz-cochabamba km. 82
SANTA CRUZ,POSTRER VALLE,MOSQUERA,comunidad Mosquera
SANTA CRUZ,POSTRER VALLE,SAN JUAN DE DIOS POSTRER VALLE,CIRCUMBALACION URBANIZACION VILLA ANGELICA
DEPARTAMENTO,MUNICIPIO,ESTABLECIMIENTO,DIRECCIÓN
SANTA CRUZ,POSTRER VALLE,TIERRAS NUEVAS,TIERRAS NUEVAS
SANTA CRUZ,PUCARA,LOMA LARGA,LOMA LARGA
SANTA CRUZ,PUCARA,SAN JUAN DE DIOS PUCARA,PUCARA-VALLEGRANDE-SANTA CRUZ- BOLIVIA
SANTA CRUZ,PUERTO QUIJARRO,PRINCIPE DE PAZ,avenida el carmen   No 170
,,,AV. BOLIVAR S/N FRENTE A LA ADUANA DE ARROYO
SANTA CRUZ,PUERTO QUIJARRO,SAN JOSE,CONCEPCION
SANTA CRUZ,PUERTO SUAREZ,PARADERO,BARRIO EQUIPETROL
SANTA CRUZ,PUERTO SUAREZ,YACUSE,YACUCES
SANTA CRUZ,QUIRUSILLAS,HIERBA BUENA CIVIL,Av. hierba buena civil
SANTA CRUZ,QUIRUSILLAS,QUIRUSILLA,CALLE SANTA CRUZ
SANTA CRUZ,ROBORE,AGUAS CALIENTES,BARRIO 13 DE MAYO
SANTA CRUZ,ROBORE,GERMAN VACA DIEZ,AV. HUMBERTO TORREZ ORTIZ
SANTA CRUZ,ROBORE,JUAN XXIII,BARRIO SAN ANTONIO
SANTA CRUZ,ROBORE,SANTA LUCIA,BARRIO 5 DE OCTUBRE
SANTA CRUZ,SAIPINA,CHILON,Plaza 18 de Agosto
SANTA CRUZ,SAIPINA,SAIPINA,BARRIO NUEVO SIPINA
SANTA CRUZ,SAMAIPATA,BELLA VICTORIA,CARRETERA MAIRANA QUIRUSILLAS
,,,
SANTA CRUZ,SAMAIPATA,BERMEJO,CARRETERA ANTIGUA A COCHABAMBA KILOMETRO 88
SANTA CRUZ,SAMAIPATA,CUEVAS,Carretera antigua a Cochabamba
SANTA CRUZ,SAMAIPATA,FLORIDA,Av. Barrientos
SANTA CRUZ,SAMAIPATA,SANTIAGO DEL VALLE,Comunidad de Valle abajo calle sin nombre
SANTA CRUZ,SAN ANTONIO DE LOMERIO,P.S. FATIMA,Sin registro
SANTA CRUZ,SAN ANTONIO DE LOMERIO,PALMIRA,1/2 cuadra de la plaza principal
SANTA CRUZ,SAN ANTONIO DE LOMERIO,PUQUIO CRISTO REY,CALLE HEROES DEL CHACO Y 19 DE MARZO
SANTA CRUZ,SAN ANTONIO DE LOMERIO,SAN LORENZO SANTA CRUZ,UNA CUADRA  DE LA PLAZA
SANTA CRUZ,SAN CARLOS,2 DE AGOSTO,2 DE AGOSTO
,,,
SANTA CRUZ,SAN CARLOS,ANTOFAGASTA,ANTOFAGASTA-B/1RO DE MAYO-C/LIBERTAD Y BELEN
SANTA CRUZ,SAN CARLOS,BUEN RETIRO,Buen Retiro- Av. Buen Retiro
SANTA CRUZ,SAN CARLOS,CSCI SANTA FE,B/PALMA VERDE C/ ALEMANA
SANTA CRUZ,SAN CARLOS,ICHILO,FINAL AVENIDA ICHILO
DEPARTAMENTO,MUNICIPIO,ESTABLECIMIENTO,DIRECCIÓN
SANTA CRUZ,SAN CARLOS,VILLA IMPERIAL,BARRIO AMBORO-SOBRE AV. AMBORO
SANTA CRUZ,SAN IGNACIO DE VELASCO,CANDELARIA DE NOZA,CANDELARIA DE NOZA-SAN IGNACIO DE VELASCO
SANTA CRUZ,SAN IGNACIO DE VELASCO,EL CAMPAMENTO,SAN JOSE DE CAMPAMENTO
,,,LOCALIDAD EL CARMEN DE RUIZ - SAN IGNACIO DE
SANTA CRUZ,SAN IGNACIO DE VELASCO,EL CARMEN DE RUIZ,VELASCO
SANTA CRUZ,SAN IGNACIO DE VELASCO,ESPIRITU,COMUNIDAD ESPIRITU DE LA FRONTERA
SANTA CRUZ,SAN IGNACIO DE VELASCO,FLORIDA,FLORIDA- SAN IGNACIO DE VELASCO
SANTA CRUZ,SAN IGNACIO DE VELASCO,PALMARITO,PALMARITO - SAN IGNACIO DE VELASCO
SANTA CRUZ,SAN IGNACIO DE VELASCO,PISO FIRME,COMUNIDAD PISO FIRME
SANTA CRUZ,SAN IGNACIO DE VELASCO,PORVENIR,Localidad Porvenir - San Ignacio de Velasco
,,,COMUNIDAD SAN BARTOLO DE LA FRONTERA SAN IGNACIO
SANTA CRUZ,SAN IGNACIO DE VELASCO,SAN BARTOLO,DE VELASCO
SANTA CRUZ,SAN IGNACIO DE VELASCO,SAN JAVIERITO,COMUNIDAD SAN JAVIERITO
SANTA CRUZ,SAN IGNACIO DE VELASCO,SAN JUAN DE MACONO,SAN JUAN DE MACONO- SAN IGNACIO DE VELASCO
SANTA CRUZ,SAN IGNACIO DE VELASCO,SAN LORENZITO,SAN IGNACIO DE VELASCO - SAN LORENZITO
SANTA CRUZ,SAN IGNACIO DE VELASCO,SAN MARTIN,SAN MARTIN - SAN IGNACIO DE VELASCO
SANTA CRUZ,SAN IGNACIO DE VELASCO,SAN NICOLAS CERRITO,SAN IGNACIO DE VELASCO
SANTA CRUZ,SAN IGNACIO DE VELASCO,SAN SIMON,SAN SIMON
SANTA CRUZ,SAN IGNACIO DE VELASCO,SAN VICENTE(SCZ),localidad san vicente
SANTA CRUZ,SAN IGNACIO DE VELASCO,SANTA  ANA DE VELASCO,LOCALIDAD DE SANTA ANA
,,,COMUNIDAD SANTA CLARA DE LA ESTRELLA DE SAN
SANTA CRUZ,SAN IGNACIO DE VELASCO,SANTA CLARA DE LA ESTRELLA,IGNACIO VELASCO
SANTA CRUZ,SAN IGNACIO DE VELASCO,SANTA ROSA DE ROCA,SANTA ROSA DE ROCA
SANTA CRUZ,SAN JAVIER(STC),HOSPITAL MUNICIPAL SAN JAVIER,Monsenor killian Pfaun-Barrio Cotoca
,,,COMUNIDAD BUENA VISTA LADO ESTE A 110 KM DE SAN
SANTA CRUZ,SAN JOSE DE CHIQUITOS,BUENA VISTA,JOSE DE CHIQUITOS
SANTA CRUZ,SAN JOSE DE CHIQUITOS,ENTRE RIOS,COMUNIDAD ENTRE RIOS
SANTA CRUZ,SAN JOSE DE CHIQUITOS,IPIAS,COMUNIDAD IPIAS
SANTA CRUZ,SAN JOSE DE CHIQUITOS,QUIMOME,COMUNIDAD QUIMOME B/8 DE DICIEMBRE
,,,SAN JOSE DE CHIQUITOS COMUNIDAD SAN JUAN DE
SANTA CRUZ,SAN JOSE DE CHIQUITOS,SAN JUAN DE CHIQUITOS,CHIQUITOS PLAZA PRINCIPAL FRENTE A LA IGLESIA
SANTA CRUZ,SAN JOSE DE CHIQUITOS,TAPERAS,COMUNIDAD TAPERAS DE SAN JOSE DE CHIQUITOS
DEPARTAMENTO,MUNICIPIO,ESTABLECIMIENTO,DIRECCIÓN
,,,
SANTA CRUZ,SAN JUAN DE YAPACANI,AYACUCHO,"CARRETERA A CHAPACO MANZANO 1 LOTE 7, AYACUCHO"
SANTA CRUZ,SAN JUAN DE YAPACANI,ENCONADA,CALLE C MANZANO 13 LOTE 7 ENCONADA
,,,"Carretera a la Merced y Avenida 1, Maria Auxiliadora"
SANTA CRUZ,SAN JUAN DE YAPACANI,MARIA AUXILIADORA,Manzano 14 lote 1
,,,"CALLE ""A"" LADO DE LA VIA FERREA, FRENTE A LA IGLESIA -"
SANTA CRUZ,SAN JUAN DE YAPACANI,RAUL MENACHO,RAUL MENACHO
,,,
SANTA CRUZ,SAN JUAN DE YAPACANI,SAN JUAN,"San Juan, Calle Bolivar S/N, Atras de la alcaldia Municipal."
SANTA CRUZ,SAN JULIAN,2 DE AGOSTO,COLONIA BERLIN 2 DE AGOSTO
SANTA CRUZ,SAN JULIAN,AREA 5,san julian-area 5
SANTA CRUZ,SAN JULIAN,CAFECES,AV. CIRO MEALLA
SANTA CRUZ,SAN JULIAN,CORDILLERA,comunidad cordillera 16 de marzo
SANTA CRUZ,SAN JULIAN,EL CARMEN,Colonia Berlin Municipio San Julian
SANTA CRUZ,SAN JULIAN,FLOR DEL VALLE,COMUNIDAD FLOR DEL VALLE
SANTA CRUZ,SAN JULIAN,GUAPOMO,COMUNIDAD SAN LORENZO GUAPOMO
SANTA CRUZ,SAN JULIAN,ILLIMANI NUCLEO 29,NUCLEO 29
SANTA CRUZ,SAN JULIAN,JOSE MARIA LINAREZ,Av. Santa Cruz 1er Anillo y calle San Juan
SANTA CRUZ,SAN JULIAN,LA ASUNTA,COMUNIDAD LA ASUNTA
SANTA CRUZ,SAN JULIAN,LIMONCITO,LIMONCITO
SANTA CRUZ,SAN JULIAN,LOS TRONCOS,LOS TRONCOS
SANTA CRUZ,SAN JULIAN,NUCLEO 14 NUEVA VIDA,BRECHA CASARABE NUCLEO 14
SANTA CRUZ,SAN JULIAN,NUCLEO 23  SAN MARTIN,A UNA CUADRA DE LA CARRETERA PRINCÍPAL
SANTA CRUZ,SAN JULIAN,NUCLEO 32 EL LIMONAL,nucleo 32
SANTA CRUZ,SAN JULIAN,NUCLEO 38 SAN SALVADOR,comunidad san San Salvador Nucleo 38
SANTA CRUZ,SAN JULIAN,NUCLEO 47 EL PALMAR,nucleo 47
SANTA CRUZ,SAN JULIAN,NUCLEO 66 - 2 DE AGOSTO,AV. Getúlio Vargas
SANTA CRUZ,SAN JULIAN,NUEVO AMANECER,san julian
SANTA CRUZ,SAN JULIAN,SAN JUAN DE VILLAMONTES,COMUNIDAD SAN JUAN DE VILLAMONTES
SANTA CRUZ,SAN JULIAN,TAJIBO,AV. CIRO MEALLA
SANTA CRUZ,SAN JULIAN,VILLA ARANCIBIA,COMUNIDAD VILLA ARANCIBIA
SANTA CRUZ,SAN JULIAN,VILLA MONTERO,COLONIA BERLIN EL CARMEN (SAN JULIAN)
DEPARTAMENTO,MUNICIPIO,ESTABLECIMIENTO,DIRECCIÓN
SANTA CRUZ,SAN JULIAN,VILLA PARAISO,VILLA PARAISO B/24 DE ABRIL
SANTA CRUZ,SAN JULIAN,VILLA VICTORIA,c/ villa victoia lado colegio  simon bolivar
SANTA CRUZ,SAN MATIAS,ASCENSION DE LA FRONTERA,COMUNIDAD ASCENSION DE LA FRONTERA
SANTA CRUZ,SAN MATIAS,CANDELARIA,comunidad candelaria
SANTA CRUZ,SAN MATIAS,LAS PETAS,Las Petas
SANTA CRUZ,SAN MATIAS,NATIVIDAD,COMUNIDAD NATIVIDAD SAN MATIAS
,,,
SANTA CRUZ,SAN MATIAS,SAN FERNANDO,COMUNIDAD SAN FERNANDO MUNICPIO SAN MATIAS
SANTA CRUZ,SAN MATIAS,SAN MATIAS,BARRIO CRISTO REY
SANTA CRUZ,SAN MATIAS,SANTA FE,COMUNIDAD SANTA FE  MUNICIPIO
SANTA CRUZ,SAN MATIAS,SANTA ISABEL,COMUNIDAD SANTA ISABEL
SANTA CRUZ,SAN MATIAS,SANTO CORAZON,SANTO CORAZON
SANTA CRUZ,SAN MATIAS,TORNITO,COMUNIDAD EL TORNITO
SANTA CRUZ,SAN MIGUEL DE VELASCO,CERRITO,SAN PEDRO DEL CERRITO-SAN MIGUEL DE VELASCO
SANTA CRUZ,SAN MIGUEL DE VELASCO,SALVADOR PILON FLORIAN,Calle Ciro Lorenzo Dorado entre Junin y Velasco
SANTA CRUZ,SAN MIGUEL DE VELASCO,SAN JUAN DE LOMERIO,SAN JUAN DE LOMERIO- SAN MIGUEL DE VELASCO
SANTA CRUZ,SAN PEDRO,CANANDOA,AVENIDA CANANDOA FRENTE A LA PLAZA
SANTA CRUZ,SAN PEDRO,COLONIA PIRAI,AVENIDA SANTA CRUZ BARRIO 27 DE MAYO
SANTA CRUZ,SAN PEDRO,HARDEMAN,BARRIO URCUPI CALLE BENI ENTRE ALEMANA URCUPI
SANTA CRUZ,SAN PEDRO,LITORAL,COMUNIDAD LITORAL
SANTA CRUZ,SAN PEDRO,MURILLO,AV. PIRAI FRENTE A LA PLAZA PRINCIPAL
SANTA CRUZ,SAN PEDRO,SAGRADO CORAZON,AVENIDA JORGE PECH
SANTA CRUZ,SAN PEDRO,SAN BERNARDINO,COMUNIDAD VILLA ROSARIO
SANTA CRUZ,SAN PEDRO,SAN JOSE DEL NORTE,AVENIDA HERNANDO SILES
,,,LOCALIDAD SAN PEDRO BARRIO MANGAL CALLE 25 DE
SANTA CRUZ,SAN PEDRO,SAN PEDRO,MAYO
,,,
SANTA CRUZ,SAN RAFAEL,EL TUNA,EL TUNA SAN RAFAEL DE VELASCO/SANTA CRUZ/BOLIVIA
SANTA CRUZ,SAN RAFAEL,SANTIAGO PARIS,AVENIDA SUCRE-CALLE VERGARA
SANTA CRUZ,SANTA CRUZ DE LA SIERRA,12 DE DICIEMBRE,barrio 12 de diciembre uv.147 C/ las rosas
SANTA CRUZ,SANTA CRUZ DE LA SIERRA,18 DE MARZO,"CUMAVI ,6TO ANILLO EXTERNO SOBRE AV UV. 87."
SANTA CRUZ,SANTA CRUZ DE LA SIERRA,25 DE DICIEMBRE,"barrio 25 de diciembre, uv 104 av. belen"
DEPARTAMENTO,MUNICIPIO,ESTABLECIMIENTO,DIRECCIÓN
SANTA CRUZ,SANTA CRUZ DE LA SIERRA,26 DE SEPTIEMBRE,"Barrio 26 de septiembre, 9no anillo UV 207"
SANTA CRUZ,SANTA CRUZ DE LA SIERRA,ANITA SUAREZ DE LEIGUE,km 4 1/2 al norte frente a la cancha
,,,BARRIO ANTOFAGASTA AV. SAN MARTIN ENTRE 5 Y 6
SANTA CRUZ,SANTA CRUZ DE LA SIERRA,ANTOFAGASTA,ANILLO
,,,RADIAL 17/2  8VO ANILLO AVENIDA PIRAI BARRIO
SANTA CRUZ,SANTA CRUZ DE LA SIERRA,BERMUDEZ,BERMUDEZ
SANTA CRUZ,SANTA CRUZ DE LA SIERRA,BOLINTER,Av. Virgen de Cotoca 7mo anillo
SANTA CRUZ,SANTA CRUZ DE LA SIERRA,BRIGIDA,Barrio Brigida Calle Pablo Bush sin numero
SANTA CRUZ,SANTA CRUZ DE LA SIERRA,BUEN SAMARITANO,Barrio El Buen Samaritano UV232 Final Cumavi
SANTA CRUZ,SANTA CRUZ DE LA SIERRA,CAÑADA EL CARMEN,"B/ CAÑADA EL CARMEN, AV. LEONARDO DAVINCI"
,,CENTRO DE RECUPERACION NUTRICIONA,L
SANTA CRUZ,SANTA CRUZ DE LA SIERRA,SANTA CRUZ,avenida cumavi entre 6 y 7mo anillo
,,,AV. CANAL GUAPILO ENTRE CALLE 1 Y CALLE 2 BARRIO SAN
SANTA CRUZ,SANTA CRUZ DE LA SIERRA,CONSULTORUO CIDOB,JUAN
,,,URB. CORTEZ UV-254 ALADO DE LA PLAZUELA 6 DE
SANTA CRUZ,SANTA CRUZ DE LA SIERRA,CORTEZ,AGOSTO
SANTA CRUZ,SANTA CRUZ DE LA SIERRA,EL DORADO NORTE,BARRIO DORADO NORTE UV 203
,,,avenida la barranca entre tecer y cuarto anillo lado de la
SANTA CRUZ,SANTA CRUZ DE LA SIERRA,EL PAJONAL,naval
,,,Barrio EL PORVENIR Avenida Cumavi entre 7MO Y 8VO
SANTA CRUZ,SANTA CRUZ DE LA SIERRA,EL PORVENIR,ANILLO
SANTA CRUZ,SANTA CRUZ DE LA SIERRA,EL QUIOR,PLAN 3000 URBANIZACION EL QUIOR CALLE 11 UV250
SANTA CRUZ,SANTA CRUZ DE LA SIERRA,EL RECREO,URB. EL RECREO C/6 BARRIO EL RECREO 1
SANTA CRUZ,SANTA CRUZ DE LA SIERRA,EL TAJIBO,BARRIO TAJIBO UV169
,,,barrio ramafa calle yacuiba entre calle chaco y av.
SANTA CRUZ,SANTA CRUZ DE LA SIERRA,ELVIRA WUNDERLICH,pilcomayo
,,,CALLE RIO BLANCO ENTRE AV. ALEMANIA Y BENI TERCER
SANTA CRUZ,SANTA CRUZ DE LA SIERRA,HAMACAS,ANILLO EXTERNO
,,,BARRIO 16 DE NOVIEMBRE UV.106 C/PAN DE ARROZ SIN
SANTA CRUZ,SANTA CRUZ DE LA SIERRA,LA COLORADA,NUMERO
SANTA CRUZ,SANTA CRUZ DE LA SIERRA,LA FORTALEZA,BARRIO LA FORTALEZA UV178 MZA 075
SANTA CRUZ,SANTA CRUZ DE LA SIERRA,LAS AMERICAS,0
DEPARTAMENTO,MUNICIPIO,ESTABLECIMIENTO,DIRECCIÓN
,,,
SANTA CRUZ,SANTA CRUZ DE LA SIERRA,LAZARETO,BARRIO LAZARETO CALLE CURUMBA ESQUINA PAILON
,,,C/18 DE MARZO ESQ. AV. LOS BOSQUES  BARRIO LOS
SANTA CRUZ,SANTA CRUZ DE LA SIERRA,LOS BOSQUES,BOSQUEZ
SANTA CRUZ,SANTA CRUZ DE LA SIERRA,LOS CUSIS,Barrio Los Cusis
,,,
SANTA CRUZ,SANTA CRUZ DE LA SIERRA,LOS OLIVOS,AV.14 DE SEPTIEMBRE Y CALLE 2 BARRIO BAJO OLIVOS
SANTA CRUZ,SANTA CRUZ DE LA SIERRA,LOS PINOS BARRIO NUEVO,barrio los pinos radial 10 y decimo anillo Av.arroyito
SANTA CRUZ,SANTA CRUZ DE LA SIERRA,LOS TUSEQUIS,B/ Los Tusequis U.V. 71
,,,BARRIO MAGISTERIO SUR  UV 185 AV.RADIAL 5 DE
SANTA CRUZ,SANTA CRUZ DE LA SIERRA,MAGISTERIO,OCTUBRE C/LOS PIONEROS Y LOS CLAVELES
SANTA CRUZ,SANTA CRUZ DE LA SIERRA,MARIA CECILIA,B/ Mauro Brtero Radial 10
SANTA CRUZ,SANTA CRUZ DE LA SIERRA,MI SALUD,barrio 7 de julio
,,,
,,,MONTERO HOYOS BARRIO LA PAMPA S/N UV:001 MZA:000
,,,A 3 CUADRAS HACIA EL OESTE DE LA PLAZA PRINCIPAL Y
SANTA CRUZ,SANTA CRUZ DE LA SIERRA,MONTERO HOYOS,DOS CUADRAS DE LA AVENIDA PRINCIPAL
,,,
SANTA CRUZ,SANTA CRUZ DE LA SIERRA,NOEL KEMPFF,barrio noel kempff avenida radial 10 entre 7mo y 8vo anillo
SANTA CRUZ,SANTA CRUZ DE LA SIERRA,ONDULINE GUAPURU,barrio onduline guapuru c/ PAQUIO
,,,AV.BOLIVIA FINAL ALFRENTE DEL PLAZA PRINCIPAL DEL
SANTA CRUZ,SANTA CRUZ DE LA SIERRA,PALMAR DEL ORATORIO,PALMAR UV247
SANTA CRUZ,SANTA CRUZ DE LA SIERRA,PALMASOLA,PENITENCIARIA PALMASOLA
,,,Avenida Monte Cristo Nro. S/N Barrio Pampa de la Isla UV:
SANTA CRUZ,SANTA CRUZ DE LA SIERRA,PAMPA DE LA ISLA,0198 MZA: 0002
SANTA CRUZ,SANTA CRUZ DE LA SIERRA,PEDRO DIEZ,B/PEDRO DIEZ C/10 UV.
,,,
SANTA CRUZ,SANTA CRUZ DE LA SIERRA,PERPETUO SOCORRO,Barrio los Chinos entre Av. Busch y Av. Roca Coronado
SANTA CRUZ,SANTA CRUZ DE LA SIERRA,PLAN 4000,BARRIO PLAN 400 C/SAN JUAN SIN NUMERO UV251
SANTA CRUZ,SANTA CRUZ DE LA SIERRA,POCHOLA TRAPERO,"Av. Beni entre 6to y 7mo anillo, Calle Claracuta"
SANTA CRUZ,SANTA CRUZ DE LA SIERRA,PREVENTIVA SUD,"B/ san Antonio av. transcontinental, uv 160"
SANTA CRUZ,SANTA CRUZ DE LA SIERRA,PUEBLO NUEVO,barrio pueblo nuevo
DEPARTAMENTO,MUNICIPIO,ESTABLECIMIENTO,DIRECCIÓN
SANTA CRUZ,SANTA CRUZ DE LA SIERRA,ROCA Y CORONADO,UV-166 B/ROCA Y CORONADO  C/24 DE SEPTIEMBRE
,,,
SANTA CRUZ,SANTA CRUZ DE LA SIERRA,ROQUE AGUILERA,calle santiago vaca esquina pasillo 1 barrio Mac Donald
SANTA CRUZ,SANTA CRUZ DE LA SIERRA,SAGRADA FAMILIA,BARRIO EL BAJIO C/ 24 DE JUNIO
SANTA CRUZ,SANTA CRUZ DE LA SIERRA,SAN AGUSTIN,avenida paurito plan 3000
SANTA CRUZ,SANTA CRUZ DE LA SIERRA,SAN ANTONIO,AVENIDA JENECHERU BARRIO SAN ANTONIO
SANTA CRUZ,SANTA CRUZ DE LA SIERRA,SAN CARLOS,calle 24 de Septiembre
SANTA CRUZ,SANTA CRUZ DE LA SIERRA,SAN LUIS,c/24 de septiembre
SANTA CRUZ,SANTA CRUZ DE LA SIERRA,SAN LUISITO,barrio san luisito uv.157
SANTA CRUZ,SANTA CRUZ DE LA SIERRA,SAN MIGUEL DE LOS JUNOS,barrio san miguel de los junos
SANTA CRUZ,SANTA CRUZ DE LA SIERRA,SAN PANTALEON,paurito a dos cuadras  de av. principal
SANTA CRUZ,SANTA CRUZ DE LA SIERRA,SANTA ISABEL,BARRIO CONAVI CALLE AIMERICH
,,,
SANTA CRUZ,SANTA CRUZ DE LA SIERRA,SANTA ROSITA,Calle Mataral S/N entre av. Roca y Coronado y Av. Pirai
,,,BARRIO ALTO OLIVO C/ NUMERO 9 ZONA SUR ENTRE 5 Y 6
SANTA CRUZ,SANTA CRUZ DE LA SIERRA,SANTE SUD,ANILLOS
SANTA CRUZ,SANTA CRUZ DE LA SIERRA,SANTIAGO PARADA,"Barrio Santiago Parada U.V 226, AV. sirari"
,,,
SANTA CRUZ,SANTA CRUZ DE LA SIERRA,TIERRAS NUEVAS,AV.MOSCU ENTRE 7MO Y 8VO ANILLOS B/TIERRAS NUEVAS
SANTA CRUZ,SANTA CRUZ DE LA SIERRA,UNIVERSITARIO NORTE,AV. SANTA GEMA CALLE PALESTINA MANZANA 017
SANTA CRUZ,SANTA CRUZ DE LA SIERRA,VIDA Y ESPERANZA,uv.156 barrio primavera calle 7 copa
SANTA CRUZ,SANTA CRUZ DE LA SIERRA,VIRGEN DE COTOCA,Radial 27 4to Anillo calle San Pedro
SANTA CRUZ,SANTA CRUZ DE LA SIERRA,VIRGEN DE FATIMA,Av. Fatima entre 3er y 4to Anillo
SANTA CRUZ,SANTA CRUZ DE LA SIERRA,WILLE LEMAITRE,Av.Busch calle #6 esquina nicolas ortiz
SANTA CRUZ,SANTA ROSA DEL SARA,AZUBI,Comunidad Azubi
SANTA CRUZ,SANTA ROSA DEL SARA,GALILEA,frente al campo deportivo de la comunidad
SANTA CRUZ,SANTA ROSA DEL SARA,GUADALUPE,FRENTE A LA UNIDAD EDUCATIVA DE LA COMUNIDAD
,,,
SANTA CRUZ,SANTA ROSA DEL SARA,LA CUARTA,COMUNIDAD LA CUARTA LADO SUR DE LA SUB ALCALDIA
SANTA CRUZ,SANTA ROSA DEL SARA,LAS PAVAS,frente al campo deportivo de la comunidad
SANTA CRUZ,SANTA ROSA DEL SARA,LOMA ALTA,loma alta
SANTA CRUZ,SANTA ROSA DEL SARA,LOS ANDES,AV. PRINCIPAL DETRAS DE LA UNIDAD EDUCATIVA
DEPARTAMENTO,MUNICIPIO,ESTABLECIMIENTO,DIRECCIÓN
SANTA CRUZ,SANTA ROSA DEL SARA,MELCHOR PINTO PARADA,barrio 6 de Agosto
SANTA CRUZ,SANTA ROSA DEL SARA,RINCON DE PALOMETAS,Rincon de Palometas
,,,
SANTA CRUZ,SANTA ROSA DEL SARA,RIO NUEVO,santa cruz - municipio santa rosa comunidad rio nuevo
,,,A MEDIA CUADRA A LA DERECHA DE LA AVENIDA
SANTA CRUZ,SANTA ROSA DEL SARA,SAN LUIS,PRINCIPAL
SANTA CRUZ,TRIGAL,COCHABAMBITA,COCHABAMBITA
SANTA CRUZ,TRIGAL,EL TRIGAL,CALLE BOLIVAR ESQUINA MONTE AGUDO
SANTA CRUZ,TRIGAL,TRIGO PAMPA,TRIGOPAMPA
,,,LADO OESTE DE LA PLAZA PRINCIPAL COMUNIDAD
SANTA CRUZ,URUBICHA,EL BUEN PASTOR,SALVATIERRA
SANTA CRUZ,URUBICHA,SAN JOSE,FINAL 6 DE AGOSTO
SANTA CRUZ,URUBICHA,SAN LUIS,LADO ESTE CANCHA DE FUTBOL
SANTA CRUZ,URUBICHA,SANTA TERESITA,COMUNIDAD CURURU
SANTA CRUZ,VALLEGRANDE,ALTO SECO,COMUNIDAD  ALTO SECO
SANTA CRUZ,VALLEGRANDE,GUADALUPE,Calle Bolivar
SANTA CRUZ,VALLEGRANDE,KJASAMONTES,KASAMONTE
SANTA CRUZ,VALLEGRANDE,MASICURI,RANCHO
SANTA CRUZ,VALLEGRANDE,NARANJOS,NARANJOS
SANTA CRUZ,VALLEGRANDE,P.S.  DURAZNILLO,Barrio Duraznillo
SANTA CRUZ,VALLEGRANDE,PIRAIMIRI,CAMINO A MASICURI
SANTA CRUZ,VALLEGRANDE,SAN JUAN DEL CHACO,San Juan del Chaco
SANTA CRUZ,VALLEGRANDE,SANTA  ANA,Santa Ana
SANTA CRUZ,VALLEGRANDE,VILLA ESPERANZA,BARRIO VILLA ESPERANZA CALLE S/ N
SANTA CRUZ,WARNES,21 DE SEPTIEMBRE,b/ 21 de septiembre uv.10 mz172
SANTA CRUZ,WARNES,AZUZAQUI,AZUZAQUI
SANTA CRUZ,WARNES,BUENA  FE,BARRIO BUENA FE
SANTA CRUZ,WARNES,CHANE JUSTINIANO,chane justiniano
,,,COMUNIDAD CLARA CHUCHIO A UNA CUADRA DE LA PLAZA
SANTA CRUZ,WARNES,CLARA CHUCHIO,PRINCIPAL
SANTA CRUZ,WARNES,CONSULTORIO FAMILIAR ESTE,BARRIO EL CAIRO DOS
SANTA CRUZ,WARNES,EL BARRIAL,El barrial
DEPARTAMENTO,MUNICIPIO,ESTABLECIMIENTO,DIRECCIÓN
SANTA CRUZ,WARNES,GUAJOJO,carretera belgica barrio guajojo
SANTA CRUZ,WARNES,IGNACIO WARNES,C. ERNESTO MONASTERIO ESQUINA CHOCOHETE
SANTA CRUZ,WARNES,INTEGRACION DEL NORTE,Warnes- Integraciòn  del Norte
SANTA CRUZ,WARNES,JUAN PABLO II,JUAN PABLO II UV:5
SANTA CRUZ,WARNES,LA ESPERANZA,comunidad la esperanza
SANTA CRUZ,WARNES,LA FINCA,LA FINCA
SANTA CRUZ,WARNES,LA MARINA,LA MARINA
SANTA CRUZ,WARNES,LA REFORMA,CARRETERA A OKINAWA LA REFORMA
SANTA CRUZ,WARNES,LAS BARRERAS,ZONA CENTRAL COMUNIDAD LAS BARRERAS
SANTA CRUZ,WARNES,LAS GAMAS,las gamas
SANTA CRUZ,WARNES,LOS CHACOS,LOS CHACOS
SANTA CRUZ,WARNES,LOS CIERVOS,Comunidad Los Ciervos
,,,
SANTA CRUZ,WARNES,NTRA. SRA. ROSARIO,CALLE MIGUEL CAMPODONICO ESQUINA BOLIVAR S/N
SANTA CRUZ,WARNES,OFELIA SANCHEZ,valle sanchez
,,,
SANTA CRUZ,WARNES,PENTAGUAZU,urbanizacion  pentaguazu 1 Uv-2 barrio eucalipto Mz-13
SANTA CRUZ,WARNES,SAN ANTONIO,Barrio San Antonio a 5 km de warnes
SANTA CRUZ,WARNES,SAN MARTIN DE PORREZ,El tajibo
SANTA CRUZ,WARNES,SATELITE NORTE,Satelite Norte Calle Divino Nino
SANTA CRUZ,WARNES,TERRACOR,terracor l
SANTA CRUZ,WARNES,VILLA EL CARMEN,VILLA EL CARMEN
,,,
SANTA CRUZ,YAPACANI,CAMPO VIBORA,SAN JUAN DE CAMPO VIBORA B/ESTRELA AV. BOLIVAR
SANTA CRUZ,YAPACANI,CHORE,Km 13 faja central carretera cbba - sta cruz
SANTA CRUZ,YAPACANI,EL PALMAR,COMUNIDAD EL PALMAR KM 21 FC B/1RO DE MAYO
,,,
SANTA CRUZ,YAPACANI,LOS POZOS,"COMUNIDAD LOS POZOS, FAJA NORTE 55 KM DE YAPACANI"
SANTA CRUZ,YAPACANI,MOILLER CONDOR,LOCALIDAD MOILLER CONDOR
SANTA CRUZ,YAPACANI,NUEVO HORIZONTE,DISTRITO 8 BARRIO 1 DE MAYO NUEVO HORIZONTE
SANTA CRUZ,YAPACANI,PTO. GRETHEL,COMUNIDAD PUERTO GRETHEL
SANTA CRUZ,YAPACANI,PUERTO AVAROA,PUERTO AVAROA YAPACANI KM. 40
DEPARTAMENTO,MUNICIPIO,ESTABLECIMIENTO,DIRECCIÓN
SANTA CRUZ,YAPACANI,SAN GERMAN,SAN GERMAN KM. 27
SANTA CRUZ,YAPACANI,SAN RAFAEL,SAN RAFAEL
SANTA CRUZ,YAPACANI,YAPACANI,Calle Daniel Salamanca S/N diagonal Plaza parincipal
